transaction_id,amount,source_country,destination_country,transaction_date,is_suspicious
TXN99520,50000,SG,AE,9/1/2026,TRUE
TXN99521,1250,US,US,9/2/2026,FALSE
TXN99522,8500,gb,FR,9/3/2026,FALSE
TXN99523,22000,SG,AE,9/4/2026,suspicious
TXN99524,240,CA,US,9/5/2026,normal
TXN99525,,SG,MY,9/6/2026,FALSE
TXN99526,not-a-number,DE,FR,9/7/2026,FALSE
TXN99527,-300,US,MX,9/8/2026,TRUE
TXN99528,4100,AU,AU,not-a-date,FALSE
TXN99529,7600, IN ,SG,9/10/2026,0
TXN99530,900,FR,ES,9/11/2026,1
TXN99530,900,FR,ES,9/11/2026,1
TXN99531,15000,AE,SG,9/12/2026,TRUE
TXN99532,3200,JP,KR,9/13/2026,FALSE
TXN99533,6700,GB,IE,9/14/2026,unknown
